ProyectoB/PWM_Motor_V3/out/PWM_Motor_V3.elf	0x10000004	0x00000140	d	menu
ProyectoB/PWM_Motor_V3/out/PWM_Motor_V3.elf	0x100001f8	0x00000001	b	debugPrint
ProyectoB/PWM_Motor_V3/out/PWM_Motor_V3.elf	0x1a000754	0x0000000c	t	pwmInitTimers
ProyectoB/PWM_Motor_V3/out/PWM_Motor_V3.elf	0x1a0007c8	0x00000034	t	pwmAttach
ProyectoB/PWM_Motor_V3/out/PWM_Motor_V3.elf	0x1a0007fc	0x0000001c	t	pwmDetach
ProyectoB/PWM_Motor_V3/out/PWM_Motor_V3.elf	0x1a003dd0	0x0000000b	t	pwmMap
ProyectoB/PWM_Motor_V3/out/PWM_Motor_V3.elf	0x10000144	0x0000000b	d	AttachedPWMList
ProyectoB/PWM_Motor_V3/out/PWM_Motor_V3.elf	0x1a00083c	0x00000002	t	errorOcurred
ProyectoB/PWM_Motor_V3/out/PWM_Motor_V3.elf	0x1a000840	0x00000002	t	doNothing
ProyectoB/PWM_Motor_V3/out/PWM_Motor_V3.elf	0x1a003ddc	0x00000030	t	timer_sd
ProyectoB/PWM_Motor_V3/out/PWM_Motor_V3.elf	0x10000150	0x00000040	d	timer_dd
ProyectoB/PWM_Motor_V3/out/PWM_Motor_V3.elf	0x1a003e0c	0x0000001c	t	SCTdataList
ProyectoB/PWM_Motor_V3/out/PWM_Motor_V3.elf	0x100001fc	0x00000011	b	result.10349
ProyectoB/PWM_Motor_V3/out/PWM_Motor_V3.elf	0x1a00111c	0x0000002c	t	gpioObtainPinConfig
ProyectoB/PWM_Motor_V3/out/PWM_Motor_V3.elf	0x1a0013ac	0x00000040	t	Board_LED_Init
ProyectoB/PWM_Motor_V3/out/PWM_Motor_V3.elf	0x1a003fbc	0x0000000c	t	gpioLEDBits
ProyectoB/PWM_Motor_V3/out/PWM_Motor_V3.elf	0x10000210	0x00000004	b	heap_end.10529
ProyectoB/PWM_Motor_V3/out/PWM_Motor_V3.elf	0x1a003fd8	0x00000060	t	pinmuxing
ProyectoB/PWM_Motor_V3/out/PWM_Motor_V3.elf	0x1a004038	0x0000000c	t	InitClkStates
ProyectoB/PWM_Motor_V3/out/PWM_Motor_V3.elf	0x1a0017ec	0x0000002c	t	Chip_UART_GetIndex
ProyectoB/PWM_Motor_V3/out/PWM_Motor_V3.elf	0x1a001818	0x00000048	t	Chip_UART_ABIntHandler
ProyectoB/PWM_Motor_V3/out/PWM_Motor_V3.elf	0x1a004044	0x00000008	t	UART_PClock
ProyectoB/PWM_Motor_V3/out/PWM_Motor_V3.elf	0x1a00404c	0x00000008	t	UART_BClock
ProyectoB/PWM_Motor_V3/out/PWM_Motor_V3.elf	0x10000214	0x00000001	b	ABsyncSts
ProyectoB/PWM_Motor_V3/out/PWM_Motor_V3.elf	0x1a001d4c	0x00000034	t	Chip_USB_PllSetup
ProyectoB/PWM_Motor_V3/out/PWM_Motor_V3.elf	0x1a004054	0x00000014	t	usbPLLSetup
ProyectoB/PWM_Motor_V3/out/PWM_Motor_V3.elf	0x1a001e10	0x000000a8	t	pll_calc_divs
ProyectoB/PWM_Motor_V3/out/PWM_Motor_V3.elf	0x1a001eb8	0x00000104	t	pll_get_frac
ProyectoB/PWM_Motor_V3/out/PWM_Motor_V3.elf	0x1a001fbc	0x00000024	t	Chip_Clock_TestMainPLLMultiplier
ProyectoB/PWM_Motor_V3/out/PWM_Motor_V3.elf	0x1a001fe0	0x00000048	t	Chip_Clock_FindBaseClock
ProyectoB/PWM_Motor_V3/out/PWM_Motor_V3.elf	0x1a002408	0x00000022	t	Chip_Clock_GetDivRate
ProyectoB/PWM_Motor_V3/out/PWM_Motor_V3.elf	0x1a004068	0x0000006c	t	periph_to_base
ProyectoB/PWM_Motor_V3/out/PWM_Motor_V3.elf	0x10000218	0x00000008	b	audio_usb_pll_freq
ProyectoB/PWM_Motor_V3/out/PWM_Motor_V3.elf	0x1a0040e0	0x00000048	t	InitClkStates
ProyectoB/PWM_Motor_V3/out/PWM_Motor_V3.elf	0x1a002878	0x0000002c	t	Chip_TIMER_GetClockIndex
ProyectoB/PWM_Motor_V3/out/PWM_Motor_V3.elf	0x1a0030ec	0x00000048	t	std.isra.0
ProyectoB/PWM_Motor_V3/out/PWM_Motor_V3.elf	0x1a00331c	0x0000002c	t	__sfputc_r
ProyectoB/PWM_Motor_V3/out/PWM_Motor_V3.elf	0x10000194	0x00000060	d	impure_data
ProyectoB/PWM_Motor_V3/out/PWM_Motor_V3.elf	0x1a0020d8	0x0000001c	T	Chip_Clock_GetDividerSource
ProyectoB/PWM_Motor_V3/out/PWM_Motor_V3.elf	0x1a0015f8	0x00000012	T	_isatty_r
ProyectoB/PWM_Motor_V3/out/PWM_Motor_V3.elf	0x1a002b4c	0x0000002e	T	__gnu_uldivmod_helper
ProyectoB/PWM_Motor_V3/out/PWM_Motor_V3.elf	0x1a000aa4	0x00000040	T	TIMER2_IRQHandler
ProyectoB/PWM_Motor_V3/out/PWM_Motor_V3.elf	0x1a000194	0x00000002	W	DebugMon_Handler
ProyectoB/PWM_Motor_V3/out/PWM_Motor_V3.elf	0x1a001638	0x0000000a	T	_lseek_r
ProyectoB/PWM_Motor_V3/out/PWM_Motor_V3.elf	0x1a0001a0	0x00000002	W	RIT_IRQHandler
ProyectoB/PWM_Motor_V3/out/PWM_Motor_V3.elf	0x1a080000	0x00000000	A	__top_MFlashA512
ProyectoB/PWM_Motor_V3/out/PWM_Motor_V3.elf	0x1a0016b4	0x0000000a	T	_stat_r
ProyectoB/PWM_Motor_V3/out/PWM_Motor_V3.elf	0x1a000950	0x00000040	T	Timer_DeInit
ProyectoB/PWM_Motor_V3/out/PWM_Motor_V3.elf	0x1a0001a0	0x00000002	W	ADCHS_IRQHandler
ProyectoB/PWM_Motor_V3/out/PWM_Motor_V3.elf	0x1a0007ac	0x0000001c	T	pwmRead
ProyectoB/PWM_Motor_V3/out/PWM_Motor_V3.elf	0x1a002b80	0x0000029c	T	__divdi3
ProyectoB/PWM_Motor_V3/out/PWM_Motor_V3.elf	0x1a000114	0x00000000	T	__section_table_start
ProyectoB/PWM_Motor_V3/out/PWM_Motor_V3.elf	0x1a001710	0x0000000a	T	_gettimeofday_r
ProyectoB/PWM_Motor_V3/out/PWM_Motor_V3.elf	0x1a0001a0	0x00000002	W	FLASH_EEPROM_IRQHandler
ProyectoB/PWM_Motor_V3/out/PWM_Motor_V3.elf	0x1a000f78	0x0000008c	T	int64ToString
ProyectoB/PWM_Motor_V3/out/PWM_Motor_V3.elf	0x1a0001a0	0x00000002	W	I2C0_IRQHandler
ProyectoB/PWM_Motor_V3/out/PWM_Motor_V3.elf	0x1a0005fc	0x00000044	T	uartReadByte
ProyectoB/PWM_Motor_V3/out/PWM_Motor_V3.elf	0x1a00160c	0x0000001e	T	_kill_r
ProyectoB/PWM_Motor_V3/out/PWM_Motor_V3.elf	0x1a0030b0	0x00000030	T	printf
ProyectoB/PWM_Motor_V3/out/PWM_Motor_V3.elf	0x1a001d80	0x00000034	T	Chip_USB0_Init
ProyectoB/PWM_Motor_V3/out/PWM_Motor_V3.elf	0x1a0018f0	0x00000010	T	Chip_UART_CheckBusy
ProyectoB/PWM_Motor_V3/out/PWM_Motor_V3.elf	0x1a000c2c	0x0000003e	T	delayRead
ProyectoB/PWM_Motor_V3/out/PWM_Motor_V3.elf	0x1a003902	0x00000024	T	__sseek
ProyectoB/PWM_Motor_V3/out/PWM_Motor_V3.elf	0x1a003160	0x00000060	T	__sinit
ProyectoB/PWM_Motor_V3/out/PWM_Motor_V3.elf	0x1a003930	0x000000a8	T	__swbuf_r
ProyectoB/PWM_Motor_V3/out/PWM_Motor_V3.elf	0x1a000180	0x00000002	W	HardFault_Handler
ProyectoB/PWM_Motor_V3/out/PWM_Motor_V3.elf	0x1a001b84	0x0000000c	T	Chip_UART_GetABEOStatus
ProyectoB/PWM_Motor_V3/out/PWM_Motor_V3.elf	0x1a003134	0x0000002c	T	__sfmoreglue
ProyectoB/PWM_Motor_V3/out/PWM_Motor_V3.elf	0x1a000000	0x00000000	A	__vectors_start__
ProyectoB/PWM_Motor_V3/out/PWM_Motor_V3.elf	0x1a001c98	0x00000030	T	RingBuffer_Pop
ProyectoB/PWM_Motor_V3/out/PWM_Motor_V3.elf	0x1a001458	0x00000014	T	Board_UARTPutSTR
ProyectoB/PWM_Motor_V3/out/PWM_Motor_V3.elf	0x1a0024bc	0x00000018	T	Chip_Clock_DisableBaseClock
ProyectoB/PWM_Motor_V3/out/PWM_Motor_V3.elf	0x1a000d18	0x00000024	T	SysTick_Handler
ProyectoB/PWM_Motor_V3/out/PWM_Motor_V3.elf	0x1a00196c	0x00000044	T	Chip_UART_SetBaud
ProyectoB/PWM_Motor_V3/out/PWM_Motor_V3.elf	0x1a002248	0x0000009c	T	Chip_Clock_SetupMainPLLMult
ProyectoB/PWM_Motor_V3/out/PWM_Motor_V3.elf	0x1a000d50	0x00000008	T	printString
ProyectoB/PWM_Motor_V3/out/PWM_Motor_V3.elf	0x1a0001a0	0x00000002	W	SDIO_IRQHandler
ProyectoB/PWM_Motor_V3/out/PWM_Motor_V3.elf	0x1a00143c	0x0000001c	T	Board_UARTGetChar
ProyectoB/PWM_Motor_V3/out/PWM_Motor_V3.elf	0x100001f9	0x00000001	B	secuencia
ProyectoB/PWM_Motor_V3/out/PWM_Motor_V3.elf	0x1a0001a0	0x00000002	W	ATIMER_IRQHandler
ProyectoB/PWM_Motor_V3/out/PWM_Motor_V3.elf	0x1a001078	0x000000a4	T	uintToAsciiHex
ProyectoB/PWM_Motor_V3/out/PWM_Motor_V3.elf	0x1a000198	0x00000002	W	PendSV_Handler
ProyectoB/PWM_Motor_V3/out/PWM_Motor_V3.elf	0x1a00017c	0x00000002	W	NMI_Handler
ProyectoB/PWM_Motor_V3/out/PWM_Motor_V3.elf	0x1a0041cc	0x00000000	R	__exidx_end
ProyectoB/PWM_Motor_V3/out/PWM_Motor_V3.elf	0x1a000150	0x00000000	T	__data_section_table_end
ProyectoB/PWM_Motor_V3/out/PWM_Motor_V3.elf	0x1a0001a0	0x00000002	W	I2C1_IRQHandler
ProyectoB/PWM_Motor_V3/out/PWM_Motor_V3.elf	0x1a0028fc	0x00000010	T	Chip_SCT_Init
ProyectoB/PWM_Motor_V3/out/PWM_Motor_V3.elf	0x1a0001a0	0x00000002	W	UART1_IRQHandler
ProyectoB/PWM_Motor_V3/out/PWM_Motor_V3.elf	0x1a0001a0	0x00000002	W	GPIO5_IRQHandler
ProyectoB/PWM_Motor_V3/out/PWM_Motor_V3.elf	0x1a0001a0	0x00000002	W	CAN1_IRQHandler
ProyectoB/PWM_Motor_V3/out/PWM_Motor_V3.elf	0x1a0026c4	0x00000014	T	Chip_Clock_EnablePLL
ProyectoB/PWM_Motor_V3/out/PWM_Motor_V3.elf	0x1a0015e8	0x0000000a	T	_fstat_r
ProyectoB/PWM_Motor_V3/out/PWM_Motor_V3.elf	0x53ff4e2e	0x00000000	A	__valid_user_code_checksum
ProyectoB/PWM_Motor_V3/out/PWM_Motor_V3.elf	0x1a0041cc	0x00000000	R	_etext
ProyectoB/PWM_Motor_V3/out/PWM_Motor_V3.elf	0x1a001578	0x00000028	T	Board_SSP_Init
ProyectoB/PWM_Motor_V3/out/PWM_Motor_V3.elf	0x1a0001a0	0x00000002	W	USB1_IRQHandler
ProyectoB/PWM_Motor_V3/out/PWM_Motor_V3.elf	0x1a0001a0	0x00000002	W	I2S0_IRQHandler
ProyectoB/PWM_Motor_V3/out/PWM_Motor_V3.elf	0x1a000670	0x00000084	T	waitForReceiveStringOrTimeout
ProyectoB/PWM_Motor_V3/out/PWM_Motor_V3.elf	0x1a000818	0x00000024	T	pwmConfig
ProyectoB/PWM_Motor_V3/out/PWM_Motor_V3.elf	0x1a000ae4	0x00000040	T	TIMER3_IRQHandler
ProyectoB/PWM_Motor_V3/out/PWM_Motor_V3.elf	0x1a002518	0x0000000c	T	Chip_Clock_GetBaseClocktHz
ProyectoB/PWM_Motor_V3/out/PWM_Motor_V3.elf	0x1a000178	0x00000002	T	UART0_IRQHandler
ProyectoB/PWM_Motor_V3/out/PWM_Motor_V3.elf	0x1a0001c0	0x00000012	T	bss_init
ProyectoB/PWM_Motor_V3/out/PWM_Motor_V3.elf	0x1a0028d4	0x00000028	T	Chip_TIMER_ExtMatchControlSet
ProyectoB/PWM_Motor_V3/out/PWM_Motor_V3.elf	0x1a001a54	0x0000000e	T	Chip_UART_ReadRB
ProyectoB/PWM_Motor_V3/out/PWM_Motor_V3.elf	0x1a0028bc	0x00000018	T	Chip_TIMER_Reset
ProyectoB/PWM_Motor_V3/out/PWM_Motor_V3.elf	0x1a003088	0x00000016	T	memcpy
ProyectoB/PWM_Motor_V3/out/PWM_Motor_V3.elf	0x1a0016c0	0x0000000a	T	_times_r
ProyectoB/PWM_Motor_V3/out/PWM_Motor_V3.elf	0x1a0001a0	0x00000002	W	SGPIO_IRQHandler
ProyectoB/PWM_Motor_V3/out/PWM_Motor_V3.elf	0x1a0030e0	0x0000000c	T	_cleanup_r
ProyectoB/PWM_Motor_V3/out/PWM_Motor_V3.elf	0x1a0028b0	0x0000000c	T	Chip_TIMER_DeInit
ProyectoB/PWM_Motor_V3/out/PWM_Motor_V3.elf	0x1a002684	0x00000040	T	Chip_Clock_SetupPLL
ProyectoB/PWM_Motor_V3/out/PWM_Motor_V3.elf	0x1a002aec	0x00000000	T	__aeabi_uldivmod
ProyectoB/PWM_Motor_V3/out/PWM_Motor_V3.elf	0x1000023c	0x00000000	?	_noinit
ProyectoB/PWM_Motor_V3/out/PWM_Motor_V3.elf	0x1a000730	0x00000018	T	uartWriteString
ProyectoB/PWM_Motor_V3/out/PWM_Motor_V3.elf	0x1a0015dc	0x0000000a	T	_fork_r
ProyectoB/PWM_Motor_V3/out/PWM_Motor_V3.elf	0x10000238	0x00000004	B	SystemCoreClock
ProyectoB/PWM_Motor_V3/out/PWM_Motor_V3.elf	0x1a001860	0x00000050	T	Chip_UART_Init
ProyectoB/PWM_Motor_V3/out/PWM_Motor_V3.elf	0x1a0001a0	0x00000002	W	ADC0_IRQHandler
ProyectoB/PWM_Motor_V3/out/PWM_Motor_V3.elf	0x1a001c08	0x00000090	T	RingBuffer_InsertMult
ProyectoB/PWM_Motor_V3/out/PWM_Motor_V3.elf	0x1a000c0c	0x00000020	T	delayConfig
ProyectoB/PWM_Motor_V3/out/PWM_Motor_V3.elf	0x1a000d8c	0x00000022	T	printUIntFormat
ProyectoB/PWM_Motor_V3/out/PWM_Motor_V3.elf	0x1a00018c	0x00000002	W	UsageFault_Handler
ProyectoB/PWM_Motor_V3/out/PWM_Motor_V3.elf	0x1a002608	0x0000004c	T	Chip_Clock_GetRate
ProyectoB/PWM_Motor_V3/out/PWM_Motor_V3.elf	0x1a0001a0	0x00000002	W	GPIO6_IRQHandler
ProyectoB/PWM_Motor_V3/out/PWM_Motor_V3.elf	0x10000228	0x00000008	B	tickCounter
ProyectoB/PWM_Motor_V3/out/PWM_Motor_V3.elf	0x1a0015f4	0x00000004	T	_getpid_r
ProyectoB/PWM_Motor_V3/out/PWM_Motor_V3.elf	0x1a00176c	0x00000074	T	Board_SetupClocking
ProyectoB/PWM_Motor_V3/out/PWM_Motor_V3.elf	0x20008000	0x00000000	A	__top_RamAHB32
ProyectoB/PWM_Motor_V3/out/PWM_Motor_V3.elf	0x1a002870	0x00000008	T	Chip_SystemInit
ProyectoB/PWM_Motor_V3/out/PWM_Motor_V3.elf	0x10000000	0x00000001	D	sentidoGiro
ProyectoB/PWM_Motor_V3/out/PWM_Motor_V3.elf	0x1a001694	0x00000020	T	_sbrk_r
ProyectoB/PWM_Motor_V3/out/PWM_Motor_V3.elf	0x1a003fd4	0x00000004	T	ExtRateIn
ProyectoB/PWM_Motor_V3/out/PWM_Motor_V3.elf	0x1a0001a0	0x00000002	W	IntDefaultHandler
ProyectoB/PWM_Motor_V3/out/PWM_Motor_V3.elf	0x1a000300	0x00000000	T	__CRP_WORD_END__
ProyectoB/PWM_Motor_V3/out/PWM_Motor_V3.elf	0x1a000d0c	0x0000000c	T	tickWrite
ProyectoB/PWM_Motor_V3/out/PWM_Motor_V3.elf	0x1a000f14	0x00000044	T	Sct_EnablePwmFor
ProyectoB/PWM_Motor_V3/out/PWM_Motor_V3.elf	0x1a00165c	0x0000002a	T	_read_r
ProyectoB/PWM_Motor_V3/out/PWM_Motor_V3.elf	0x1a0029a4	0x00000002	T	Chip_GPIO_DeInit
ProyectoB/PWM_Motor_V3/out/PWM_Motor_V3.elf	0x1a0001a0	0x00000002	W	GPIO1_IRQHandler
ProyectoB/PWM_Motor_V3/out/PWM_Motor_V3.elf	0x1a000c88	0x00000078	T	tickConfig
ProyectoB/PWM_Motor_V3/out/PWM_Motor_V3.elf	0x1a001db4	0x00000048	T	Chip_USB1_Init
ProyectoB/PWM_Motor_V3/out/PWM_Motor_V3.elf	0x1a0001a0	0x00000002	W	SSP0_IRQHandler
ProyectoB/PWM_Motor_V3/out/PWM_Motor_V3.elf	0x1a001148	0x0000019c	T	gpioConfig
ProyectoB/PWM_Motor_V3/out/PWM_Motor_V3.elf	0x1a0041c4	0x00000000	T	__exidx_start
ProyectoB/PWM_Motor_V3/out/PWM_Motor_V3.elf	0x1a0002fc	0x00000004	T	CRP_WORD
ProyectoB/PWM_Motor_V3/out/PWM_Motor_V3.elf	0x1a00418c	0x00000004	T	_global_impure_ptr
ProyectoB/PWM_Motor_V3/out/PWM_Motor_V3.elf	0x1a00285c	0x00000014	T	Chip_SetupIrcClocking
ProyectoB/PWM_Motor_V3/out/PWM_Motor_V3.elf	0x1a002e1c	0x0000026a	T	__udivdi3
ProyectoB/PWM_Motor_V3/out/PWM_Motor_V3.elf	0x1a0001a0	0x00000002	W	ADC1_IRQHandler
ProyectoB/PWM_Motor_V3/out/PWM_Motor_V3.elf	0x1a001bd8	0x00000030	T	RingBuffer_Insert
ProyectoB/PWM_Motor_V3/out/PWM_Motor_V3.elf	0x1a000ebc	0x00000024	T	Sct_Init
ProyectoB/PWM_Motor_V3/out/PWM_Motor_V3.elf	0x1a001500	0x00000028	T	Board_Init
ProyectoB/PWM_Motor_V3/out/PWM_Motor_V3.elf	0x1a000114	0x00000000	T	__data_section_table
ProyectoB/PWM_Motor_V3/out/PWM_Motor_V3.elf	0x1a002918	0x00000012	T	Chip_SCT_SetClrControl
ProyectoB/PWM_Motor_V3/out/PWM_Motor_V3.elf	0x1a0001a0	0x00000002	W	RTC_IRQHandler
ProyectoB/PWM_Motor_V3/out/PWM_Motor_V3.elf	0x1000023c	0x00000000	B	_ebss
ProyectoB/PWM_Motor_V3/out/PWM_Motor_V3.elf	0x1a000a2c	0x0000003c	T	TIMER0_IRQHandler
ProyectoB/PWM_Motor_V3/out/PWM_Motor_V3.elf	0x20010000	0x00000000	A	__top_RamAHB_ETB16
ProyectoB/PWM_Motor_V3/out/PWM_Motor_V3.elf	0x1a0001a0	0x00000002	W	SPI_IRQHandler
ProyectoB/PWM_Motor_V3/out/PWM_Motor_V3.elf	0x1a0029ec	0x0000004a	T	Chip_SCTPWM_SetRate
ProyectoB/PWM_Motor_V3/out/PWM_Motor_V3.elf	0x1a0001a0	0x00000002	W	LCD_IRQHandler
ProyectoB/PWM_Motor_V3/out/PWM_Motor_V3.elf	0x1a000400	0x00000018	T	encenderBomba
ProyectoB/PWM_Motor_V3/out/PWM_Motor_V3.elf	0x1a002028	0x0000004c	T	Chip_Clock_EnableCrystal
ProyectoB/PWM_Motor_V3/out/PWM_Motor_V3.elf	0x1a000564	0x0000000a	T	abrirValvula
ProyectoB/PWM_Motor_V3/out/PWM_Motor_V3.elf	0x1a0016cc	0x0000000a	T	_unlink_r
ProyectoB/PWM_Motor_V3/out/PWM_Motor_V3.elf	0x1a000dcc	0x000000ee	T	boardConfig
ProyectoB/PWM_Motor_V3/out/PWM_Motor_V3.elf	0x1a0003dc	0x00000024	T	detenerBomba
ProyectoB/PWM_Motor_V3/out/PWM_Motor_V3.elf	0x10008000	0x00000000	A	__top_RamLoc32
ProyectoB/PWM_Motor_V3/out/PWM_Motor_V3.elf	0x1a0001a4	0x0000001a	T	data_init
ProyectoB/PWM_Motor_V3/out/PWM_Motor_V3.elf	0x1a000a68	0x0000003c	T	TIMER1_IRQHandler
ProyectoB/PWM_Motor_V3/out/PWM_Motor_V3.elf	0x1a004168	0x00000020	T	__sf_fake_stderr
ProyectoB/PWM_Motor_V3/out/PWM_Motor_V3.elf	0x1a002084	0x00000054	T	Chip_Clock_SetDivider
ProyectoB/PWM_Motor_V3/out/PWM_Motor_V3.elf	0x1a000748	0x00000002	T	UART2_IRQHandler
ProyectoB/PWM_Motor_V3/out/PWM_Motor_V3.elf	0x1a000d58	0x00000010	T	printEnter
ProyectoB/PWM_Motor_V3/out/PWM_Motor_V3.elf	0x1a0023a0	0x00000068	T	Chip_Clock_GetMainPLLHz
ProyectoB/PWM_Motor_V3/out/PWM_Motor_V3.elf	0x1a0018b0	0x0000001c	T	Chip_UART_DeInit
ProyectoB/PWM_Motor_V3/out/PWM_Motor_V3.elf	0x1a000750	0x00000004	T	sAPI_NullFuncPtr
ProyectoB/PWM_Motor_V3/out/PWM_Motor_V3.elf	0x1a001644	0x0000000a	T	_mkdir_r
ProyectoB/PWM_Motor_V3/out/PWM_Motor_V3.elf	0x1a000640	0x00000030	T	uartWriteByte
ProyectoB/PWM_Motor_V3/out/PWM_Motor_V3.elf	0x1a001394	0x00000016	T	gpioToggle
ProyectoB/PWM_Motor_V3/out/PWM_Motor_V3.elf	0x1a003348	0x00000024	T	__sfputs_r
ProyectoB/PWM_Motor_V3/out/PWM_Motor_V3.elf	0x1a0001a0	0x00000002	W	GPIO2_IRQHandler
ProyectoB/PWM_Motor_V3/out/PWM_Motor_V3.elf	0x1a002074	0x00000010	T	Chip_Clock_DisableCrystal
ProyectoB/PWM_Motor_V3/out/PWM_Motor_V3.elf	0x1a003ca8	0x0000001e	T	memchr
ProyectoB/PWM_Motor_V3/out/PWM_Motor_V3.elf:         w _printf_float
ProyectoB/PWM_Motor_V3/out/PWM_Motor_V3.elf	0x1a0025e0	0x00000014	T	Chip_Clock_StartPowerDown
ProyectoB/PWM_Motor_V3/out/PWM_Motor_V3.elf	0x1a000844	0x0000010c	T	Timer_Init
ProyectoB/PWM_Motor_V3/out/PWM_Motor_V3.elf	0x1a003cc8	0x00000088	T	_free_r
ProyectoB/PWM_Motor_V3/out/PWM_Motor_V3.elf	0x1a000570	0x0000000a	T	cerrarValvula
ProyectoB/PWM_Motor_V3/out/PWM_Motor_V3.elf	0x1a00057c	0x0000001c	T	configurarGpioValvulas
ProyectoB/PWM_Motor_V3/out/PWM_Motor_V3.elf	0x1a000990	0x00000008	T	Timer_microsecondsToTicks
ProyectoB/PWM_Motor_V3/out/PWM_Motor_V3.elf	0x1a0024f4	0x00000024	T	Chip_Clock_GetBaseClock
ProyectoB/PWM_Motor_V3/out/PWM_Motor_V3.elf	0x1a0026ec	0x0000000c	T	Chip_Clock_GetPLLStatus
ProyectoB/PWM_Motor_V3/out/PWM_Motor_V3.elf	0x1a0019b0	0x00000024	T	Chip_UART_RXIntHandlerRB
ProyectoB/PWM_Motor_V3/out/PWM_Motor_V3.elf	0x1a001a10	0x00000042	T	Chip_UART_SendRB
ProyectoB/PWM_Motor_V3/out/PWM_Motor_V3.elf	0x100001f8	0x00000000	B	_bss
ProyectoB/PWM_Motor_V3/out/PWM_Motor_V3.elf	0x1a0001a0	0x00000002	W	I2S1_IRQHandler
ProyectoB/PWM_Motor_V3/out/PWM_Motor_V3.elf	0x1a0022e4	0x000000bc	T	Chip_Clock_SetupMainPLLHz
ProyectoB/PWM_Motor_V3/out/PWM_Motor_V3.elf	0x1a0015d0	0x0000000a	T	_fcntl_r
ProyectoB/PWM_Motor_V3/out/PWM_Motor_V3.elf	0x1a001650	0x0000000a	T	_open_r
ProyectoB/PWM_Motor_V3/out/PWM_Motor_V3.elf	0x1a0029a0	0x00000002	T	Chip_GPIO_Init
ProyectoB/PWM_Motor_V3/out/PWM_Motor_V3.elf	0x1a003fd0	0x00000004	T	OscRateIn
ProyectoB/PWM_Motor_V3/out/PWM_Motor_V3.elf	0x1a001528	0x00000024	T	Board_I2C_Init
ProyectoB/PWM_Motor_V3/out/PWM_Motor_V3.elf	0x100001fa	0x00000002	B	velocidad
ProyectoB/PWM_Motor_V3/out/PWM_Motor_V3.elf	0x1000023c	0x00000000	?	_end_noinit
ProyectoB/PWM_Motor_V3/out/PWM_Motor_V3.elf	0x10008000	0x00000000	A	_vStackTop
ProyectoB/PWM_Motor_V3/out/PWM_Motor_V3.elf	0x1a0014dc	0x00000024	T	Board_ENET_GetMacADDR
ProyectoB/PWM_Motor_V3/out/PWM_Motor_V3.elf	0x1a000b24	0x00000052	T	delayInaccurate
ProyectoB/PWM_Motor_V3/out/PWM_Motor_V3.elf	0x1a0001a0	0x00000002	W	SSP1_IRQHandler
ProyectoB/PWM_Motor_V3/out/PWM_Motor_V3.elf	0x1a0028a4	0x0000000c	T	Chip_TIMER_Init
ProyectoB/PWM_Motor_V3/out/PWM_Motor_V3.elf	0x1a0024d4	0x00000020	T	Chip_Clock_IsBaseClockEnabled
ProyectoB/PWM_Motor_V3/out/PWM_Motor_V3.elf	0x1a000178	0x00000000	T	__bss_section_table_end
ProyectoB/PWM_Motor_V3/out/PWM_Motor_V3.elf	0x1a0015b8	0x0000000a	T	_close_r
ProyectoB/PWM_Motor_V3/out/PWM_Motor_V3.elf	0x1a002470	0x00000034	T	Chip_Clock_GetBaseClockOpts
ProyectoB/PWM_Motor_V3/out/PWM_Motor_V3.elf	0x1a0016d8	0x0000000a	T	_wait_r
ProyectoB/PWM_Motor_V3/out/PWM_Motor_V3.elf	0x1a0039d8	0x000000d8	T	__swsetup_r
ProyectoB/PWM_Motor_V3/out/PWM_Motor_V3.elf	0x1a002b7c	0x00000002	W	__aeabi_ldiv0
ProyectoB/PWM_Motor_V3/out/PWM_Motor_V3.elf	0x1a0031c0	0x00000074	T	__sfp
ProyectoB/PWM_Motor_V3/out/PWM_Motor_V3.elf	0x1a001cc8	0x00000082	T	RingBuffer_PopMult
ProyectoB/PWM_Motor_V3/out/PWM_Motor_V3.elf	0x1a0038a8	0x00000022	T	__sread
ProyectoB/PWM_Motor_V3/out/PWM_Motor_V3.elf	0x1a0001a0	0x00000002	W	USB0_IRQHandler
ProyectoB/PWM_Motor_V3/out/PWM_Motor_V3.elf	0x1a0025ac	0x00000034	T	Chip_Clock_Disable
ProyectoB/PWM_Motor_V3/out/PWM_Motor_V3.elf	0x1a0001a0	0x00000002	W	GPIO3_IRQHandler
ProyectoB/PWM_Motor_V3/out/PWM_Motor_V3.elf	0x1a0009d0	0x00000044	T	Timer_DisableCompareMatch
ProyectoB/PWM_Motor_V3/out/PWM_Motor_V3.elf	0x1a001428	0x00000014	T	Board_UARTPutChar
ProyectoB/PWM_Motor_V3/out/PWM_Motor_V3.elf	0x1a0018cc	0x00000022	T	Chip_UART_Send
ProyectoB/PWM_Motor_V3/out/PWM_Motor_V3.elf	0x1a0001a0	0x00000002	W	SCT_IRQHandler
ProyectoB/PWM_Motor_V3/out/PWM_Motor_V3.elf	0x1a003bb8	0x00000054	T	_fflush_r
ProyectoB/PWM_Motor_V3/out/PWM_Motor_V3.elf	0x1a002654	0x00000030	T	Chip_Clock_GetEMCRate
ProyectoB/PWM_Motor_V3/out/PWM_Motor_V3.elf	0x1a001004	0x00000074	T	uint64ToString
ProyectoB/PWM_Motor_V3/out/PWM_Motor_V3.elf	0x1a004128	0x00000020	T	__sf_fake_stdin
ProyectoB/PWM_Motor_V3/out/PWM_Motor_V3.elf	0x1a001a64	0x00000036	T	Chip_UART_IRQRBHandler
ProyectoB/PWM_Motor_V3/out/PWM_Motor_V3.elf	0x1a0020f4	0x0000001c	T	Chip_Clock_GetDividerDivisor
ProyectoB/PWM_Motor_V3/out/PWM_Motor_V3.elf	0x1a0002fc	0x00000000	T	__CRP_WORD_START__
ProyectoB/PWM_Motor_V3/out/PWM_Motor_V3.elf	0x1a00309e	0x00000010	T	memset
ProyectoB/PWM_Motor_V3/out/PWM_Motor_V3.elf	0x1a000184	0x00000002	W	MemManage_Handler
ProyectoB/PWM_Motor_V3/out/PWM_Motor_V3.elf	0x1a00050c	0x00000058	T	main
ProyectoB/PWM_Motor_V3/out/PWM_Motor_V3.elf	0x1a001924	0x00000022	T	Chip_UART_Read
ProyectoB/PWM_Motor_V3/out/PWM_Motor_V3.elf	0x1a0001a0	0x00000002	W	WDT_IRQHandler
ProyectoB/PWM_Motor_V3/out/PWM_Motor_V3.elf	0x1a00292c	0x0000001a	T	Chip_SCT_SetConflictResolution
ProyectoB/PWM_Motor_V3/out/PWM_Motor_V3.elf	0x2000c000	0x00000000	A	__top_RamAHB16
ProyectoB/PWM_Motor_V3/out/PWM_Motor_V3.elf	0x1008a000	0x00000000	A	__top_RamLoc40
ProyectoB/PWM_Motor_V3/out/PWM_Motor_V3.elf	0x1a000190	0x00000002	W	SVC_Handler
ProyectoB/PWM_Motor_V3/out/PWM_Motor_V3.elf	0x1a003926	0x00000008	T	__sclose
ProyectoB/PWM_Motor_V3/out/PWM_Motor_V3.elf	0x1a000998	0x00000038	T	Timer_EnableCompareMatch
ProyectoB/PWM_Motor_V3/out/PWM_Motor_V3.elf	0x1a002848	0x00000014	T	Chip_SetupXtalClocking
ProyectoB/PWM_Motor_V3/out/PWM_Motor_V3.elf	0x1a0014c4	0x00000016	T	Board_LED_Toggle
ProyectoB/PWM_Motor_V3/out/PWM_Motor_V3.elf	0x1a000efc	0x00000018	T	Sct_SetDutyCycle
ProyectoB/PWM_Motor_V3/out/PWM_Motor_V3.elf	0x1a003270	0x000000ac	T	_malloc_r
ProyectoB/PWM_Motor_V3/out/PWM_Motor_V3.elf	0x1a000300	0x000000d0	T	inicializarBombas
ProyectoB/PWM_Motor_V3/out/PWM_Motor_V3.elf	0x1a0001a0	0x00000002	W	GPIO7_IRQHandler
ProyectoB/PWM_Motor_V3/out/PWM_Motor_V3.elf	0x1a002524	0x0000003c	T	Chip_Clock_EnableOpts
ProyectoB/PWM_Motor_V3/out/PWM_Motor_V3.elf	0x1a00048c	0x00000080	T	driverElegirSentido_y_Velocidad
ProyectoB/PWM_Motor_V3/out/PWM_Motor_V3.elf	0x1a003e84	0x00000136	T	gpioPinsConfig
ProyectoB/PWM_Motor_V3/out/PWM_Motor_V3.elf	0x1a00162c	0x0000000a	T	_link_r
ProyectoB/PWM_Motor_V3/out/PWM_Motor_V3.elf	0x1a002110	0x000000b8	T	Chip_Clock_GetClockInputHz
ProyectoB/PWM_Motor_V3/out/PWM_Motor_V3.elf	0x1a002948	0x00000058	T	fpuInit
ProyectoB/PWM_Motor_V3/out/PWM_Motor_V3.elf	0x1a001494	0x00000030	T	Board_LED_Test
ProyectoB/PWM_Motor_V3/out/PWM_Motor_V3.elf	0x1a0021c8	0x00000080	T	Chip_Clock_CalcMainPLLValue
ProyectoB/PWM_Motor_V3/out/PWM_Motor_V3.elf	0x1a00171c	0x0000001c	T	SystemInit
ProyectoB/PWM_Motor_V3/out/PWM_Motor_V3.elf	0x1a0001a0	0x00000002	W	SPIFI_IRQHandler
ProyectoB/PWM_Motor_V3/out/PWM_Motor_V3.elf	0x1a000bd4	0x00000038	T	delay
ProyectoB/PWM_Motor_V3/out/PWM_Motor_V3.elf	0x1a0001a0	0x00000002	W	QEI_IRQHandler
ProyectoB/PWM_Motor_V3/out/PWM_Motor_V3.elf	0x1a000150	0x00000000	T	__bss_section_table
ProyectoB/PWM_Motor_V3/out/PWM_Motor_V3.elf	0x1a002594	0x00000018	T	Chip_Clock_RTCEnable
ProyectoB/PWM_Motor_V3/out/PWM_Motor_V3.elf	0x1a0012e4	0x00000058	T	gpioWrite
ProyectoB/PWM_Motor_V3/out/PWM_Motor_V3.elf	0x1a0030b0	0x00000030	T	iprintf
ProyectoB/PWM_Motor_V3/out/PWM_Motor_V3.elf	0x1a001900	0x00000024	T	Chip_UART_SendBlocking
ProyectoB/PWM_Motor_V3/out/PWM_Motor_V3.elf	0x1a001738	0x00000034	T	Board_SetupMuxing
ProyectoB/PWM_Motor_V3/out/PWM_Motor_V3.elf	0x1a001a9c	0x000000e8	T	Chip_UART_SetBaudFDR
ProyectoB/PWM_Motor_V3/out/PWM_Motor_V3.elf	0x1a000d00	0x0000000c	T	tickRead
ProyectoB/PWM_Motor_V3/out/PWM_Motor_V3.elf	0x1a0016e4	0x0000002a	T	_write_r
ProyectoB/PWM_Motor_V3/out/PWM_Motor_V3.elf	0x10000230	0x00000008	B	tickRateMS
ProyectoB/PWM_Motor_V3/out/PWM_Motor_V3.elf	0x1a0015c4	0x0000000a	T	_execve_r
ProyectoB/PWM_Motor_V3/out/PWM_Motor_V3.elf	0x1a0001a0	0x00000002	W	ETH_IRQHandler
ProyectoB/PWM_Motor_V3/out/PWM_Motor_V3.elf	0x1a00357c	0x000000ea	T	_printf_common
ProyectoB/PWM_Motor_V3/out/PWM_Motor_V3.elf	0x10000190	0x00000004	D	tickHookFunction
ProyectoB/PWM_Motor_V3/out/PWM_Motor_V3.elf	0x100001f4	0x00000004	D	_impure_ptr
ProyectoB/PWM_Motor_V3/out/PWM_Motor_V3.elf	0x1a003ab0	0x00000108	T	__sflush_r
ProyectoB/PWM_Motor_V3/out/PWM_Motor_V3.elf	0x10000000	0x00000000	?	_end_uninit_RESERVED
ProyectoB/PWM_Motor_V3/out/PWM_Motor_V3.elf	0x1a001688	0x0000000a	T	_rename_r
ProyectoB/PWM_Motor_V3/out/PWM_Motor_V3.elf	0x1a0006f4	0x0000003a	T	waitForReceiveStringOrTimeoutBlocking
ProyectoB/PWM_Motor_V3/out/PWM_Motor_V3.elf	0x1a000ee0	0x0000001c	T	Sct_Uint8ToTicks
ProyectoB/PWM_Motor_V3/out/PWM_Motor_V3.elf	0x1a0001a0	0x00000002	W	CAN0_IRQHandler
ProyectoB/PWM_Motor_V3/out/PWM_Motor_V3.elf	0x1a000db0	0x0000001a	T	printHex
ProyectoB/PWM_Motor_V3/out/PWM_Motor_V3.elf	0x10000000	0x00000000	D	_data
ProyectoB/PWM_Motor_V3/out/PWM_Motor_V3.elf	0x1000023c	0x00000000	B	_pvHeapStart
ProyectoB/PWM_Motor_V3/out/PWM_Motor_V3.elf	0x1a000178	0x00000000	T	__section_table_end
ProyectoB/PWM_Motor_V3/out/PWM_Motor_V3.elf	0x1a000d68	0x00000022	T	printIntFormat
ProyectoB/PWM_Motor_V3/out/PWM_Motor_V3.elf	0x1a0003d0	0x0000000a	T	actualizarVelocidad
ProyectoB/PWM_Motor_V3/out/PWM_Motor_V3.elf	0x1a000598	0x00000064	T	uartConfig
ProyectoB/PWM_Motor_V3/out/PWM_Motor_V3.elf	0x1a0001a0	0x00000002	W	GINT0_IRQHandler
ProyectoB/PWM_Motor_V3/out/PWM_Motor_V3.elf	0x1a0001a0	0x00000002	W	DAC_IRQHandler
ProyectoB/PWM_Motor_V3/out/PWM_Motor_V3.elf	0x1a001400	0x00000028	T	Board_Debug_Init
ProyectoB/PWM_Motor_V3/out/PWM_Motor_V3.elf	0x100001f8	0x00000000	D	_edata
ProyectoB/PWM_Motor_V3/out/PWM_Motor_V3.elf	0x1a0001a0	0x00000002	W	M0SUB_IRQHandler
ProyectoB/PWM_Motor_V3/out/PWM_Motor_V3.elf	0x1a001b90	0x00000038	T	Chip_UART_ABCmd
ProyectoB/PWM_Motor_V3/out/PWM_Motor_V3.elf	0x1a0029a8	0x00000044	T	Chip_SCTPWM_SetOutPin
ProyectoB/PWM_Motor_V3/out/PWM_Motor_V3.elf	0x1a0026f8	0x00000150	T	Chip_SetupCoreClock
ProyectoB/PWM_Motor_V3/out/PWM_Motor_V3.elf	0x1a0038ca	0x00000038	T	__swrite
ProyectoB/PWM_Motor_V3/out/PWM_Motor_V3.elf	0x1a0001a0	0x00000002	W	GPIO0_IRQHandler
ProyectoB/PWM_Motor_V3/out/PWM_Motor_V3.elf	0x1a000f58	0x0000001e	T	Sct_GetDutyCycle
ProyectoB/PWM_Motor_V3/out/PWM_Motor_V3.elf	0x1a00336c	0x00000210	T	_vfiprintf_r
ProyectoB/PWM_Motor_V3/out/PWM_Motor_V3.elf	0x1a00154c	0x0000002c	T	Board_SDMMC_Init
ProyectoB/PWM_Motor_V3/out/PWM_Motor_V3.elf	0x1a000000	0x00000114	T	g_pfnVectors
ProyectoB/PWM_Motor_V3/out/PWM_Motor_V3.elf	0x1a002a38	0x0000007c	T	ResetISR
ProyectoB/PWM_Motor_V3/out/PWM_Motor_V3.elf	0x1a003234	0x0000003c	T	_fwalk_reent
ProyectoB/PWM_Motor_V3/out/PWM_Motor_V3.elf	0x1a001dfc	0x00000014	T	SystemCoreClockUpdate
ProyectoB/PWM_Motor_V3/out/PWM_Motor_V3.elf	0x1a0015a0	0x00000014	T	Board_DAC_Init
ProyectoB/PWM_Motor_V3/out/PWM_Motor_V3.elf	0x1a000760	0x00000028	T	pwmIsAttached
ProyectoB/PWM_Motor_V3/out/PWM_Motor_V3.elf	0x1a000d40	0x0000000e	T	printConfigUart
ProyectoB/PWM_Motor_V3/out/PWM_Motor_V3.elf	0x1a0001a0	0x00000002	W	DMA_IRQHandler
ProyectoB/PWM_Motor_V3/out/PWM_Motor_V3.elf	0x1a0001a0	0x00000002	W	EVRT_IRQHandler
ProyectoB/PWM_Motor_V3/out/PWM_Motor_V3.elf	0x1b080000	0x00000000	A	__top_MFlashB512
ProyectoB/PWM_Motor_V3/out/PWM_Motor_V3.elf	0x1a004148	0x00000020	T	__sf_fake_stdout
ProyectoB/PWM_Motor_V3/out/PWM_Motor_V3.elf	0x1a001bc8	0x00000010	T	RingBuffer_Init
ProyectoB/PWM_Motor_V3/out/PWM_Motor_V3.elf	0x1a000b78	0x0000005a	T	delayInaccurateUs
ProyectoB/PWM_Motor_V3/out/PWM_Motor_V3.elf	0x1a002b7c	0x00000002	W	__aeabi_idiv0
ProyectoB/PWM_Motor_V3/out/PWM_Motor_V3.elf	0x1a0026d8	0x00000014	T	Chip_Clock_DisablePLL
ProyectoB/PWM_Motor_V3/out/PWM_Motor_V3.elf	0x1a000d3c	0x00000004	T	printSetUart
ProyectoB/PWM_Motor_V3/out/PWM_Motor_V3.elf	0x1a0025f4	0x00000014	T	Chip_Clock_ClearPowerDown
ProyectoB/PWM_Motor_V3/out/PWM_Motor_V3.elf	0x1a0015b4	0x00000004	T	_exit
ProyectoB/PWM_Motor_V3/out/PWM_Motor_V3.elf	0x1a0019d4	0x0000003a	T	Chip_UART_TXIntHandlerRB
ProyectoB/PWM_Motor_V3/out/PWM_Motor_V3.elf	0x1a000188	0x00000002	W	BusFault_Handler
ProyectoB/PWM_Motor_V3/out/PWM_Motor_V3.elf	0x1a003c0c	0x0000009c	T	__smakebuf_r
ProyectoB/PWM_Motor_V3/out/PWM_Motor_V3.elf	0x1a003668	0x00000240	T	_printf_i
ProyectoB/PWM_Motor_V3/out/PWM_Motor_V3.elf	0x1a000788	0x00000024	T	pwmWrite
ProyectoB/PWM_Motor_V3/out/PWM_Motor_V3.elf	0x1a002560	0x00000034	T	Chip_Clock_Enable
ProyectoB/PWM_Motor_V3/out/PWM_Motor_V3.elf	0x1a00074c	0x00000002	T	UART3_IRQHandler
ProyectoB/PWM_Motor_V3/out/PWM_Motor_V3.elf	0x10000220	0x00000004	B	__malloc_sbrk_start
ProyectoB/PWM_Motor_V3/out/PWM_Motor_V3.elf	0x1a000c6c	0x0000001c	T	delayWrite
ProyectoB/PWM_Motor_V3/out/PWM_Motor_V3.elf	0x1a0001a0	0x00000002	W	MCPWM_IRQHandler
ProyectoB/PWM_Motor_V3/out/PWM_Motor_V3.elf	0x1a00290c	0x0000000a	T	Chip_SCT_DeInit
ProyectoB/PWM_Motor_V3/out/PWM_Motor_V3.elf	0x1a002b1c	0x0000002e	T	__gnu_ldivmod_helper
ProyectoB/PWM_Motor_V3/out/PWM_Motor_V3.elf	0x1a00146c	0x00000028	T	Board_LED_Set
ProyectoB/PWM_Motor_V3/out/PWM_Motor_V3.elf	0x1a0001a0	0x00000002	W	M0APP_IRQHandler
ProyectoB/PWM_Motor_V3/out/PWM_Motor_V3.elf	0x1a000418	0x00000074	T	operacionVelocidad
ProyectoB/PWM_Motor_V3/out/PWM_Motor_V3.elf	0x1a00133c	0x00000058	T	gpioRead
ProyectoB/PWM_Motor_V3/out/PWM_Motor_V3.elf	0x10000224	0x00000004	B	__malloc_free_list
ProyectoB/PWM_Motor_V3/out/PWM_Motor_V3.elf	0x1a00336c	0x00000210	T	_vfprintf_r
ProyectoB/PWM_Motor_V3/out/PWM_Motor_V3.elf	0x1a0001a0	0x00000002	W	GINT1_IRQHandler
ProyectoB/PWM_Motor_V3/out/PWM_Motor_V3.elf	0x1a002ab4	0x00000000	T	__aeabi_ldivmod
ProyectoB/PWM_Motor_V3/out/PWM_Motor_V3.elf	0x1a000a14	0x00000018	T	Timer_SetCompareMatch
ProyectoB/PWM_Motor_V3/out/PWM_Motor_V3.elf	0x1a001948	0x00000024	T	Chip_UART_ReadBlocking
ProyectoB/PWM_Motor_V3/out/PWM_Motor_V3.elf	0x1a0013ec	0x00000014	T	Board_UART_Init
ProyectoB/PWM_Motor_V3/out/PWM_Motor_V3.elf	0x1a0024a4	0x00000018	T	Chip_Clock_EnableBaseClock
ProyectoB/PWM_Motor_V3/out/PWM_Motor_V3.elf	0x1a00242c	0x00000044	T	Chip_Clock_SetBaseClock
ProyectoB/PWM_Motor_V3/out/PWM_Motor_V3.elf	0x1a0001a0	0x00000002	W	GPIO4_IRQHandler
ProyectoB/PWM_Motor_V3/out/PWM_Motor_V3.elf	0x1a0017e0	0x0000000c	T	Board_SystemInit
